{
  "id": {
    "providerName": "admin",
    "apiName": "LoanApplicationsAPI",
    "version": "v1.1"
  },
  "uuid": "1a584c4f-9809-4ff9-9661-a633d2682648",
  "type": "HTTP",
  "context": "/loan-applications/v1.1",
  "contextTemplate": "/loan-applications/{version}",
  "tags": [
    "Microservices POC"
  ],
  "documents": [],
  "lastUpdated": "Sep 28, 2017 4:41:58 AM",
  "availableTiers": [
    {
      "name": "Unlimited",
      "displayName": "Unlimited",
      "description": "Allows unlimited requests",
      "requestsPerMin": 2147483647,
      "requestCount": 2147483647,
      "unitTime": 0,
      "timeUnit": "ms",
      "tierPlan": "FREE",
      "stopOnQuotaReached": true
    }
  ],
  "availableSubscriptionLevelPolicies": [],
  "uriTemplates": [
    {
      "uriTemplate": "/status/{referenceNumber}",
      "httpVerb": "GET",
      "authType": "Any",
      "httpVerbs": [
        "GET"
      ],
      "authTypes": [
        "Any"
      ],
      "throttlingConditions": [],
      "throttlingTier": "Unlimited",
      "throttlingTiers": [
        "Unlimited"
      ],
      "mediationScript": "null",
      "scopes": [
        null
      ],
      "mediationScripts": {}
    },
    {
      "uriTemplate": "/approve/{referenceNumber}",
      "httpVerb": "POST",
      "authType": "Any",
      "httpVerbs": [
        "POST"
      ],
      "authTypes": [
        "Any"
      ],
      "throttlingConditions": [],
      "throttlingTier": "Unlimited",
      "throttlingTiers": [
        "Unlimited"
      ],
      "mediationScript": "null",
      "scopes": [
        null
      ],
      "mediationScripts": {}
    },
    {
      "uriTemplate": "/",
      "httpVerb": "POST",
      "authType": "Any",
      "httpVerbs": [
        "POST",
        "GET"
      ],
      "authTypes": [
        "Any",
        "Any"
      ],
      "throttlingConditions": [],
      "throttlingTier": "Unlimited",
      "throttlingTiers": [
        "Unlimited",
        "Unlimited"
      ],
      "mediationScript": "null",
      "scopes": [
        null,
        null
      ],
      "mediationScripts": {}
    },
    {
      "uriTemplate": "/reject/{referenceNumber}",
      "httpVerb": "POST",
      "authType": "Any",
      "httpVerbs": [
        "POST"
      ],
      "authTypes": [
        "Any"
      ],
      "throttlingConditions": [],
      "throttlingTier": "Unlimited",
      "throttlingTiers": [
        "Unlimited"
      ],
      "mediationScript": "null",
      "scopes": [
        null
      ],
      "mediationScripts": {}
    }
  ],
  "apiHeaderChanged": false,
  "apiResourcePatternsChanged": false,
  "status": "CREATED",
  "visibility": "public",
  "endpointSecured": false,
  "endpointAuthDigest": false,
  "transports": "http,https",
  "advertiseOnly": false,
  "corsConfiguration": {
    "corsConfigurationEnabled": false,
    "accessControlAllowOrigins": [
      "*"
    ],
    "accessControlAllowCredentials": false,
    "accessControlAllowHeaders": [
      "authorization",
      "Access-Control-Allow-Origin",
      "Content-Type",
      "SOAPAction"
    ],
    "accessControlAllowMethods": [
      "GET",
      "PUT",
      "POST",
      "DELETE",
      "PATCH",
      "OPTIONS"
    ]
  },
  "endpointConfig": "{\"production_endpoints\":{\"url\":\"http://wso2ei-integrator:8280/loan-applications\",\"config\":null,\"template_not_supported\":false},\"endpoint_type\":\"http\"}",
  "responseCache": "Disabled",
  "cacheTimeout": 300,
  "implementation": "ENDPOINT",
  "scopes": [],
  "isDefaultVersion": true,
  "isPublishedDefaultVersion": false,
  "environments": [
    "Production and Sandbox"
  ],
  "createdTime": "1506573689000",
  "rating": 0.0,
  "isLatest": true
}
