{
  "swagger": "2.0",
  "paths": {
    "/": {
      "get": {
        "responses": {
          "200": {
            "description": ""
          }
        },
        "x-auth-type": "Application \u0026 Application User",
        "x-throttling-tier": "Unlimited"
      },
      "post": {
        "responses": {
          "200": {
            "description": ""
          }
        },
        "parameters": [
          {
            "name": "Payload",
            "description": "Request Body",
            "required": false,
            "in": "body",
            "schema": {
              "type": "object",
              "properties": {
                "payload": {
                  "type": "string"
                }
              }
            }
          }
        ],
        "x-auth-type": "Application \u0026 Application User",
        "x-throttling-tier": "Unlimited"
      }
    },
    "/status/{referenceNumber}": {
      "get": {
        "responses": {
          "200": {
            "description": ""
          }
        },
        "parameters": [
          {
            "name": "referenceNumber",
            "in": "path",
            "allowMultiple": false,
            "required": true,
            "type": "string"
          }
        ],
        "x-auth-type": "Application \u0026 Application User",
        "x-throttling-tier": "Unlimited"
      }
    },
    "/approve/{referenceNumber}": {
      "post": {
        "responses": {
          "200": {
            "description": ""
          }
        },
        "parameters": [
          {
            "name": "referenceNumber",
            "in": "path",
            "allowMultiple": false,
            "required": true,
            "type": "string"
          },
          {
            "name": "Payload",
            "description": "Request Body",
            "required": false,
            "in": "body",
            "schema": {
              "type": "object",
              "properties": {
                "payload": {
                  "type": "string"
                }
              }
            }
          }
        ],
        "x-auth-type": "Application \u0026 Application User",
        "x-throttling-tier": "Unlimited"
      }
    },
    "/reject/{referenceNumber}": {
      "post": {
        "responses": {
          "200": {
            "description": ""
          }
        },
        "parameters": [
          {
            "name": "referenceNumber",
            "in": "path",
            "allowMultiple": false,
            "required": true,
            "type": "string"
          },
          {
            "name": "Payload",
            "description": "Request Body",
            "required": false,
            "in": "body",
            "schema": {
              "type": "object",
              "properties": {
                "payload": {
                  "type": "string"
                }
              }
            }
          }
        ],
        "x-auth-type": "Application \u0026 Application User",
        "x-throttling-tier": "Unlimited"
      }
    }
  },
  "info": {
    "title": "LoanApplicationsAPI",
    "version": "v1.0"
  }
}