{
  "swagger": "2.0",
  "paths": {
    "/*": {
      "get": {
        "responses": {
          "200": {
            "description": ""
          }
        },
        "x-auth-type": "Application \u0026 Application User",
        "x-throttling-tier": "Unlimited"
      }
    },
    "/{id}": {
      "get": {
        "responses": {
          "200": {
            "description": ""
          }
        },
        "parameters": [
          {
            "name": "id",
            "in": "path",
            "allowMultiple": false,
            "required": true,
            "type": "string"
          }
        ],
        "x-auth-type": "Application \u0026 Application User",
        "x-throttling-tier": "Unlimited"
      }
    }
  },
  "info": {
    "title": "employees",
    "version": "v1.0.0",
    "description": "This is an internal HR API"
  }
}