<?xml version="1.0" encoding="UTF-8"?>
<sequence name="PaymentRequestProcessingSequence" trace="disable" xmlns="http://ws.apache.org/ns/synapse">
    <call>
        <endpoint key="SettlePaymentEP"/>
    </call>
    <log description="" level="full"/>
    <property description="Get Payment Response" expression="json-eval($.)" name="payment_response" scope="default" type="STRING"/>
    <payloadFactory description="" media-type="json">
        <format>{
			"Appointment Number": $6,
			"Doctor":"$7",
			"patient":"$1",
			"actualFee":"$2",
			"discount":"$3",
			"discounted":"$4",
			"status":"$5",
			"cancellation link" : "https://localhost:9445/bpmn-explorer/"
			}</format>
        <args>
            <arg evaluator="json" expression="$.patient"/>
            <arg evaluator="json" expression="$.actualFee"/>
            <arg evaluator="json" expression="$.discount"/>
            <arg evaluator="json" expression="$.discounted"/>
            <arg evaluator="json" expression="$.status"/>
            <arg evaluator="json" expression="$.appointmentNo"/>
            <arg evaluator="json" expression="$.doctorName"/>
        </args>
    </payloadFactory>
    <property description="Get Payment Response" expression="json-eval($.)" name="payment_response" scope="default" type="STRING"/>
    <gmail.init>
        <userId>wso2eidemo@gmail.com</userId>
        <accessToken>ya29.GluKBN62WJ03eMs56qE6tuShKkghM9pkeqHGXoQd5NXBPKypx5bN2lbRCnru5QOLQXptPJd8C1jNpANasZJx1PHHP7-ERsI790wvIsNEFx3z9H_8CNLjmRbtsjUh</accessToken>
        <apiUrl>https://www.googleapis.com/gmail</apiUrl>
        <clientId>1082612450559-h5mmri14hua52ljrg9itvoldo6oqlg3b.apps.googleusercontent.com</clientId>
        <clientSecret>ZgcJukj5PZ6SxWFBCfcFumPu</clientSecret>
        <refreshToken>1/8SXWHtyh5b9eviHuDQbVt6xI-niXR-PRtepQXa3pdMc</refreshToken>
    </gmail.init>
    <gmail.sendMail>
        <to>{$ctx:email_id}</to>
        <subject>Payment Status</subject>
        <messageBody>{$ctx:payment_response}</messageBody>
    </gmail.sendMail>
    <drop/>
</sequence>
